Reporting year,Provider country/institution - code,Provider country/institution - name,Provider agency,Provider project number,TOSSD ID Number,TOSSD recipient - code,TOSSD recipient - name,Region,Project title,Description,External link,SDG focus,SDG goal level explanation,Keywords,Sector category - code,Sector category - name,Purpose code,Purpose name,ISICcode,ISIC name,ISIC lvl,ISIC description letter lvl,Channel category - code,Channel category - name,Other Partners,Channel - code,Channel - name,Channel,Modality - code,Modality - name,Financial instrument - code,Financial instrument - name,Financing arrangement - code,Financing arrangement - name,Framework of collaboration - code,Framework of collaboration - name,TOSSD pillar,TOSSD sub-pillar,Amount committed (USD thousand),Deflated Amount committed (USD thousand),Amount disbursed (USD thousand),Deflated amount disbursed (USD thousand),Reflows to the provider (USD thousand),Deflated reflows to the provider (USD thousand),Amount mobilised  (USD thousand),Deflated amount mobilised  (USD thousand),Salary cost (PPPs),Concessionality,Maturity (in months),Leveraging mechanism,Origin of the funds mobilised,Source name,Weight,Weighted_Amount
2021,940,International Labour Organisation,Regular Budget,63210-CHL151-Output 8.2,2021002513,434,Chile,South America,Contribution of 63210-DWT/CO-Santiago,"Conocimiento sobre el mercado de trabajo en pro de la equidad mejorado a través de investigaciones, estadísticas, entre otros con miras al fortalecimiento de la interacción y la integración de políticas sociales",https://www.ilo.org/santiago/lang--en/index.htm,17.18;17.14,,,160,Other social infrastructure and services,16010.0,Social Protection,8430,Compulsory social security activities,O,Public administration and defence; compulsory social security,41300.0,,,41302.0,International Labour Organisation - Assessed Contributions,"ILO, International Labour Organisation",D02,Other technical co-operation,110.0,Standard grant,,,,,1,1,71.0,72.898011257034,71.0,72.898011257034,0.0,0.0,0.0,0.0,0.0,,,,,TOSSD,0.4,28.400000000000002
2021,959,UNDP,Voluntary non-core funding,106962,2021004448,434,Chile,South America,6th National Reports in LAC II,Provide technical support to GEFeligible Parties to the Convention on Biological Diversity (CBD) in their work to develop a high quality  genderresponsive and datadriven 6th National Report in Latin America and Caribbean Region II (LAC II),,15.9;15.5;15.2,,,410,General Environment Protection,41010.0,Environmental policy and administrative management,8412,"Regulation of the activities of providing health care, education, cultural services and other social services, excluding social security",O,Public administration and defence; compulsory social security,41100.0,,,41114.0,United Nations Development Programme,United Nations Development Programme,C01,Projects,110.0,Standard grant,,,,,1,1,0.09354,0.09604056299976,0.09354,0.09604056299976,0.0,0.0,0.0,0.0,0.0,,,,,TOSSD,0.4,0.037416
2021,959,UNDP,Voluntary non-core funding,106038,2021004406,434,Chile,South America,Humboldt Fase 2,El objetivo es facilitar el manejo pesquero basado en ecosistemas y restauracion de ecosistemas del Sistema de la Corriente de Humboldt para la provision sostenible y resiliente de bienes y servicios de los recursos marinos vivos compartidos.,,15.2,,,410,General Environment Protection,41010.0,Environmental policy and administrative management,8412,"Regulation of the activities of providing health care, education, cultural services and other social services, excluding social security",O,Public administration and defence; compulsory social security,10000.0,,,10000.0,Public Sector Institutions,SUBSECRETARIA DE PESCA,C01,Projects,110.0,Standard grant,,,,,1,1,15.25219,15.659919976259,15.25219,15.659919976259,0.0,0.0,0.0,0.0,0.0,,,,,TOSSD,0.4,6.100876
2021,959,UNDP,Voluntary non-core funding,88249,2021003937,434,Chile,South America,Ecorregion mediterranea,Desarrollar experiencias demostrativas comunitarias que generen beneficios ambientales globales en paisajes de conservacion amenazados en la Ecorregion Mediterranea chilena,,15.2;15.1,,,410,General Environment Protection,41010.0,Environmental policy and administrative management,8412,"Regulation of the activities of providing health care, education, cultural services and other social services, excluding social security",O,Public administration and defence; compulsory social security,10000.0,,,10000.0,Public Sector Institutions,SUBSECRETARIA DE  MEDIO AMBIEN,C01,Projects,110.0,Standard grant,,,,,1,1,158.0079,162.23185454789,158.0079,162.23185454789,0.0,0.0,0.0,0.0,0.0,,,,,TOSSD,0.4,63.203160000000004
2021,959,UNDP,Voluntary non-core funding,117918,2021003342,434,Chile,South America,Fono Mayor,Fortalecimiento de capacidades del Fono Mayor del Servicio Nacional del Adulto Mayor (SENAMA) con el objetivo de apoyar a las personas mayores afectadas por la pandemia de la COVID19.,,15.2;15.1,,#COVID-19,410,General Environment Protection,41010.0,Environmental policy and administrative management,8412,"Regulation of the activities of providing health care, education, cultural services and other social services, excluding social security",O,Public administration and defence; compulsory social security,41100.0,,,41114.0,United Nations Development Programme,United Nations Development Programme,C01,Projects,110.0,Standard grant,,,,,1,1,283.89695,291.48624023856,283.89695,291.48624023856,0.0,0.0,0.0,0.0,0.0,,,,,TOSSD,0.4,113.55878000000001
2021,932,Food and Agriculture Organisation,Voluntary earmarked contributions - global and TOSSD-only activities,PRJ_690563,2021002091,434,Chile,South America,Restauración de la biodiversidad y sus servicios ecosistémicos a escala de paisaje en espacios silvo (PPG),Restauración de la biodiversidad y sus servicios ecosistémicos a escala de paisaje en espacios silvo (PPG),,,"The SDGs are central in FAO’s overall theory of change under its Strategic Framework. Key SDGs and their indicators, including all indicators for which FAO is custodian or contributing agency, are used to promote focus, track progress and express aspirations at the level of medium/long-term outcome/impact.",#GENDER|desertification,410,General Environment Protection,41030.0,Biodiversity,8412,"Regulation of the activities of providing health care, education, cultural services and other social services, excluding social security",O,Public administration and defence; compulsory social security,41300.0,,,41301.0,Food and Agricultural Organisation,Food and Agricultural Organisation,D02,Other technical co-operation,110.0,Standard grant,,,,,1,1,0.0,0.0,137.1,140.76503300478,0.0,0.0,0.0,0.0,0.0,,,,,TOSSD,1.0,137.1
2021,959,UNDP,Voluntary non-core funding,106953,2021001566,434,Chile,South America,Comp3 Fortalecimiento,La Corporacion Nacional Forestal y otras entidades relevantes estan fortalecidas para dar cumplimiento a los requerimientos de la Convencion de Naciones Unidas para el Cambio Climatico,,15.2;15.1,,,410,General Environment Protection,41010.0,Environmental policy and administrative management,8412,"Regulation of the activities of providing health care, education, cultural services and other social services, excluding social security",O,Public administration and defence; compulsory social security,10000.0,,,10000.0,Public Sector Institutions,CORPORACION NACIONAL FORESTAL,C01,Projects,110.0,Standard grant,,,,,1,1,325.37211,334.07013714796,325.37211,334.07013714796,0.0,0.0,0.0,0.0,0.0,,,,,TOSSD,0.4,130.14884400000003
2021,909,Inter-American Development Bank Group,Inter-American Development Bank Group,CH-T1247&ATN/OC-18428-CH,2021000791,434,Chile,South America,Support to Chile's efforts to promote innovation in the biodiversity agenda,The objective of this operation is to develop relevant instruments and to provide institutional strengthening advisory to support the conservation goals established by Chile in its Nationally Determined Contribution (NDC) and other initiatives led by the Ministry of the Environment and the Under secretariat for Tourism.,https://www.iadb.org/en/project/CH-T1247,,,#ADAPTATION,410,General Environment Protection,41030.0,Biodiversity,8412,"Regulation of the activities of providing health care, education, cultural services and other social services, excluding social security",O,Public administration and defence; compulsory social security,46000.0,,,46012.0,"Inter-American Development Bank, Inter-American Investment Corporation and Multilateral Investment Fund",INTER-AMERICAN DEVELOPMENT BANK,C01,Projects,110.0,Standard grant,,,,,1,1,0.0,0.0,90.0,92.405929762438,0.0,0.0,0.0,0.0,0.0,,,,,TOSSD,1.0,90.0
2021,932,Food and Agriculture Organisation,Voluntary earmarked contributions - global and TOSSD-only activities,PRJ_639984,2021000789,434,Chile,South America,"Strengthening and development of instruments for the management, prevention and control of beaver (Castor canadensis), an invasive alien species in th","Strengthening and development of instruments for the management, prevention and control of beaver (Castor canadensis), an invasive alien species in the Chilean Patagonia",,,"The SDGs are central in FAO’s overall theory of change under its Strategic Framework. Key SDGs and their indicators, including all indicators for which FAO is custodian or contributing agency, are used to promote focus, track progress and express aspirations at the level of medium/long-term outcome/impact.",#GENDER,410,General Environment Protection,41030.0,Biodiversity,8412,"Regulation of the activities of providing health care, education, cultural services and other social services, excluding social security",O,Public administration and defence; compulsory social security,41300.0,,,41301.0,Food and Agricultural Organisation,Food and Agricultural Organisation,D02,Other technical co-operation,110.0,Standard grant,,,,,1,1,0.0,0.0,192.94,198.09777875961,0.0,0.0,0.0,0.0,0.0,,,,,TOSSD,1.0,192.94
2021,932,Food and Agriculture Organisation,Voluntary earmarked contributions - global and TOSSD-only activities,PRJ_623646,2021000689,434,Chile,South America,Mainstreaming conservation and valuation of critically endangered species and ecosystems in development-frontier production landscapes in the regions,Mainstreaming conservation and valuation of critically endangered species and ecosystems in development-frontier production landscapes in the regions of Arica y Parinacota and Biobío (FSP),,,"The SDGs are central in FAO’s overall theory of change under its Strategic Framework. Key SDGs and their indicators, including all indicators for which FAO is custodian or contributing agency, are used to promote focus, track progress and express aspirations at the level of medium/long-term outcome/impact.",#GENDER,410,General Environment Protection,41030.0,Biodiversity,8412,"Regulation of the activities of providing health care, education, cultural services and other social services, excluding social security",O,Public administration and defence; compulsory social security,41300.0,,,41301.0,Food and Agricultural Organisation,Food and Agricultural Organisation,D02,Other technical co-operation,110.0,Standard grant,,,,,1,1,0.0,0.0,436.62,448.29196725417,0.0,0.0,0.0,0.0,0.0,,,,,TOSSD,1.0,436.62
2021,959,UNDP,Voluntary non-core funding,94197,2021000633,434,Chile,South America,Comp2 Nueva gestion forestal,Nuevos modelos de gestion forestal implementados para las medidas de accion directas de la Estrategia Nacional de Cambio Climatico y Recursos Vegetacionales (ENCCRV) de CONAF (Corporacion Nacional Forestal),,15.2;15.1,,,410,General Environment Protection,41010.0,Environmental policy and administrative management,8412,"Regulation of the activities of providing health care, education, cultural services and other social services, excluding social security",O,Public administration and defence; compulsory social security,10000.0,,,10000.0,Public Sector Institutions,CORPORACION NACIONAL FORESTAL,C01,Projects,110.0,Standard grant,,,,,1,1,520.27957,534.18797113612,520.27957,534.18797113612,0.0,0.0,0.0,0.0,0.0,,,,,TOSSD,0.4,208.11182800000003
2021,807,UNEP,"UNEP, core and earmarked, developmental",,2021000027,434,Chile,South America,"semi-aggregate expenditures,  Chile",,,14;11,"UNEP provided aggregate expenditures by SDG goal and geographic location, top two SDG goals were retained. The institution is unable to report against SDG targets for the time being but it is firmly committed to sustainable development and the 2030 Agenda see https://www.unep.org/resources/report/united-nations-environment-programme-and-2030-agenda-global-action-people-and",,410,General Environment Protection,41010.0,Environmental policy and administrative management,8412,"Regulation of the activities of providing health care, education, cultural services and other social services, excluding social security",O,Public administration and defence; compulsory social security,41100.0,,,41116.0,United Nations Environment Programme,UNEP,,,110.0,Standard grant,,,,,1,1,0.0,0.0,2445.28,2510.6485769944,0.0,0.0,0.0,0.0,0.0,,,,,TOSSD,0.4,978.1120000000001
2022,940,International Labour Organisation,Regular Budget - regional and global (non-developmental part),63210-CHL151-Output 5.4,2022002348,434,Chile,South America,"Conocimiento sobre el mercado de trabajo en pro de la equidad mejorado a través de investigaciones, estadísticas, entre otros con miras al fortalecimiento de la interacción y la integración de políticas sociales",Contribution of 63210-DWT/CO-Santiago,https://www.ilo.org/santiago/lang--en/index.htm,17.18;17.14,,,110,Education,11330.0,Vocational training,8522,Technical and vocational secondary education,P,Education,41300.0,,,41302.0,International Labour Organisation - Assessed Contributions,"ILO, International Labour Organisation",D02,Other technical co-operation,110.0,Standard grant,,,,,1,1,51.745810508,54.536880432221,51.745810508,54.536880432221,0.0,0.0,0.0,0.0,0.0,,,,,TOSSD,0.4,20.698324203200002
2022,358,Mexico,Mexican Agency for International Development Cooperation,CL.MX/2016/12743,2022358324,434,Chile,South America,El Fondo que Queremos,Desarrollar un proceso de mejora en la operación del Fondo.,,17.9;17.18;17.14,,,150,Government & Civil Society,15110.0,Public sector policy and administrative management,8411,General public administration activities,O,Public administration and defence; compulsory social security,12000.0,,,12001.0,Central Government,,D01,In-kind technical co-operation experts,2100.0,Direct provider spending,FA01,BLENDED FINANCE,FC01,SOUTH-SOUTH CO-OPERATION,1,1,0.0,0.0,0.0,0.0,0.0,0.0,0.0,0.0,0.0,,,,,TOSSD,0.4,0.0
2022,940,International Labour Organisation,Regular Budget - regional and global (non-developmental part),63210-CHL151-Output 5.4,2022002348,434,Chile,South America,"Conocimiento sobre el mercado de trabajo en pro de la equidad mejorado a través de investigaciones, estadísticas, entre otros con miras al fortalecimiento de la interacción y la integración de políticas sociales",Contribution of 63210-DWT/CO-Santiago,https://www.ilo.org/santiago/lang--en/index.htm,17.18;17.14,,,160,Other social infrastructure and services,16020.0,Employment creation,8413,Regulation of and contribution to more efficient operation of businesses,O,Public administration and defence; compulsory social security,41300.0,,,41302.0,International Labour Organisation - Assessed Contributions,"ILO, International Labour Organisation",D02,Other technical co-operation,110.0,Standard grant,,,,,1,1,22.176775932,23.372948756666,22.176775932,23.372948756666,0.0,0.0,0.0,0.0,0.0,,,,,TOSSD,0.4,8.870710372800001
2022,918,EU Institutions,European Commission,JAG.104496,T2022006301,434,Chile,South America,727459 - TROPICSAFE - H2020-SFS-2016-2,"The project aims to address economically important insect-borne prokaryote-associated diseases of perennial crops (palm, citrus and grapevine) grown in tropical and subtropical areas which are seriously affecting the trade and import of agricultural products and materials worldwide. These diseases are due to the presence of `Candidatus Phytoplasma¿ associated with ¿lethal yellowing¿ in palms and ¿yellows¿ in grapevine, and `Ca. Liberibacter¿ associated with ¿Huanglongbing¿ in citrus. These disea",http://www.tropicsafe.eu/it/,9.5;8.5;6;2;15;14;13;12;11,,#BIODIVERSITY|R&D,310,"Agriculture, Forestry, Fishing",31182.0,Agricultural research,7210,Research and experimental development on natural sciences and engineering,M,"Professional, scientific and technical activities",11000.0,,,11004.0,Other public entities in donor country,Other public entities in donor country,K02,RESEARCH AND DEVELOPMENT (R&D),110.0,Standard grant,,,,,1,1,0.0,0.0,0.0,0.0,0.0,0.0,0.0,0.0,0.0,,,,,TOSSD,0.4,0.0
2022,358,Mexico,Mexican Agency for International Development Cooperation,CL.MX/2019/11741,2022358367,434,Chile,South America,I.Municipalidad de Tome - 152 - Implementación de equipamiento para el fortalecimiento de las faenas de pesca artesanal y elevar la calidad y venta de productos del Mar,,,14.7,,,310,"Agriculture, Forestry, Fishing",31320.0,Fishery development,3,Fishing and aquaculture,A,"Agriculture, forestry and fishing",12000.0,,,12001.0,Central Government,,D01,In-kind technical co-operation experts,2100.0,Direct provider spending,FA01,BLENDED FINANCE,FC01,SOUTH-SOUTH CO-OPERATION,1,1,0.0,0.0,0.0,0.0,0.0,0.0,0.0,0.0,0.0,,,,,TOSSD,0.4,0.0
2022,932,Food and Agriculture Organisation,Voluntary earmarked contributions - global and TOSSD-only activities,PRJ_631884,2022002972,434,Chile,South America,Strengthening the Adaptive Capacity to Climate Change in the Fisheries and Aquaculture Sector (FSP),Strengthening the Adaptive Capacity to Climate Change in the Fisheries and Aquaculture Sector (FSP),,14,,#ADAPTATION|#GENDER,310,"Agriculture, Forestry, Fishing",31381.0,Fishery education/training,3,Fishing and aquaculture,A,"Agriculture, forestry and fishing",41300.0,,,41301.0,Food and Agricultural Organisation,Food and Agricultural Organisation,D02,Other technical co-operation,110.0,Standard grant,,,,,1,1,0.0,0.0,0.0,0.0,0.07675,0.080889748021742,0.0,0.0,0.0,,,,,TOSSD,0.4,0.0
2022,932,Food and Agriculture Organisation,Voluntary earmarked contributions - global and TOSSD-only activities,PRJ_654683,2022001715,434,Chile,South America,Chile REDD-plus results-based payments for results period 2014-2016,Chile REDD-plus results-based payments for results period 2014-2016,,15;13,,#ADAPTATION|#MITIGATION|#GENDER,310,"Agriculture, Forestry, Fishing",31220.0,Forestry development,210,Silviculture and other forestry activities,A,"Agriculture, forestry and fishing",41300.0,,,41301.0,Food and Agricultural Organisation,Food and Agricultural Organisation,D02,Other technical co-operation,110.0,Standard grant,,,,,1,1,4811.71715,5071.2519585068,4811.71715,5071.2519585068,0.0,0.0,0.0,0.0,0.0,,,,,TOSSD,0.4,1924.6868600000003
2022,811,Global Environment Facility,GEF - regional and global,00106038,2022900312,434,Chile,South America,Humboldt Fase 2,El objetivo es facilitar el manejo pesquero basado en ecosistemas y restauracion de ecosistemas del Sistema de la Corriente de Humboldt para la provision sostenible y resiliente de bienes y servicios de los recursos marinos vivos compartidos.,,15.2,,#GENDER,410,General Environment Protection,41010.0,Environmental policy and administrative management,8412,"Regulation of the activities of providing health care, education, cultural services and other social services, excluding social security",O,Public administration and defence; compulsory social security,12000.0,,,12001.0,Central Government,SUBSECRETARIA DE PESCA,C01,Projects,110.0,Standard grant,,,,,1,1,0.0,0.0,538.09933,567.12337738591,0.0,0.0,0.0,0.0,0.0,,,,,TOSSD,0.4,215.239732
2022,454,Peru,Others,CL.PE/2022/13314,2022454018,434,Chile,South America,"Plan de Trabajo para fortalecer las capacidades en restauración de bosques y paisajes forestales entre los actores nacionales, regionales y locales (DECLARACIÓN PRESIDENCIAL Y PLAN DE ACCIÓN DE SANTIAGO)",Elaborar e implementar un Plan de Trabajo para el intercambio de experiencias y tecnologías para el control transfronterizo de especies de flora y fauna silvestre incluidos en los apéndices CITES,https://www.gob.pe/institucion/rree/noticias/675336-declaracion-de-santiago-tras-el-encuentro-presidencial-y-iv-gabinete-binacional-de-ministras-y-ministros-de-peru-y-chile,15.7;15.5,,,410,General Environment Protection,41030.0,Biodiversity,8412,"Regulation of the activities of providing health care, education, cultural services and other social services, excluding social security",O,Public administration and defence; compulsory social security,12000.0,,,12001.0,Central Government,El Ministerio del Medio Ambiente de Chile,D01,In-kind technical co-operation experts,2100.0,Direct provider spending,,,FC01,SOUTH-SOUTH CO-OPERATION,1,1,0.0,0.0,0.0,0.0,0.0,0.0,0.0,0.0,0.0,,,,,TOSSD,1.0,0.0
2022,807,UNEP,Convention on Biological Diversity (CBD) - Voluntary Contributions Non-core - TOSSD only,UNEP-SCBD-Voluntary Non-core,2022012104,434,Chile,South America,SCBD POW Voluntary Contributions,General Trust Fund for Additional Voluntary Contributions in Support of Approved Activities under the Convention on Biological Diversity.,,8;7;6;5;4;3;2;11;10;1,,,410,General Environment Protection,41030.0,Biodiversity,8412,"Regulation of the activities of providing health care, education, cultural services and other social services, excluding social security",O,Public administration and defence; compulsory social security,,,,0.0,,,D02,Other technical co-operation,110.0,Standard grant,,,,,1,1,12.45,13.121529157924,12.45,13.121529157924,0.0,0.0,0.0,0.0,0.0,,,,,TOSSD,1.0,12.45
2022,807,UNEP,Convention on Biological Diversity (CBD) - Voluntary Contributions Non-core - TOSSD only,UNEP-SCBD-Voluntary Non-core,2022012103,434,Chile,South America,SCBD POW Voluntary Contributions,General Trust Fund for Additional Voluntary Contributions in Support of Approved Activities under the Convention on Biological Diversity.,,8;7;6;5;4;3;2;11;10;1,,,410,General Environment Protection,41030.0,Biodiversity,8412,"Regulation of the activities of providing health care, education, cultural services and other social services, excluding social security",O,Public administration and defence; compulsory social security,,,,0.0,,,D02,Other technical co-operation,110.0,Standard grant,,,,,1,1,0.81,0.85368984882881,0.81,0.85368984882881,0.0,0.0,0.0,0.0,0.0,,,,,TOSSD,1.0,0.81
2022,959,UNDP,UNDP- Global and regional activities,00106953,2022003854,434,Chile,South America,Comp3 Fortalecimiento,La Corporacion Nacional Forestal y otras entidades relevantes estan fortalecidas para dar cumplimiento a los requerimientos de la Convencion de Naciones Unidas para el Cambio Climatico,,15.2;15.1,,#GENDER,410,General Environment Protection,41010.0,Environmental policy and administrative management,8412,"Regulation of the activities of providing health care, education, cultural services and other social services, excluding social security",O,Public administration and defence; compulsory social security,12000.0,,,12000.0,Recipient Government,CORPORACION NACIONAL FORESTAL,C01,Projects,110.0,Standard grant,,,,,1,1,0.0,0.0,0.0,0.0,0.08031,0.084641767604249,0.0,0.0,0.0,,,,,TOSSD,0.4,0.0
2022,959,UNDP,UNDP- Global and regional activities,00094197,2022003103,434,Chile,South America,Comp2 Nueva gestion forestal,Nuevos modelos de gestion forestal implementados para las medidas de accion directas de la Estrategia Nacional de Cambio Climatico y Recursos Vegetacionales (ENCCRV) de CONAF (Corporacion Nacional Forestal),,15.2;15.1,,#GENDER,410,General Environment Protection,41010.0,Environmental policy and administrative management,8412,"Regulation of the activities of providing health care, education, cultural services and other social services, excluding social security",O,Public administration and defence; compulsory social security,12000.0,,,12000.0,Recipient Government,CORPORACION NACIONAL FORESTAL,C01,Projects,110.0,Standard grant,,,,,1,1,0.0,0.0,0.0,0.0,0.09403,0.09910179813009,0.0,0.0,0.0,,,,,TOSSD,0.4,0.0
2022,932,Food and Agriculture Organisation,Voluntary earmarked contributions - global and TOSSD-only activities,PRJ_669662,2022002530,434,Chile,South America,Updating the Climate Change National Adaptation Plan for Biodiversity,Updating the Climate Change National Adaptation Plan for Biodiversity,,15;13,,#ADAPTATION|#MITIGATION|#GENDER,410,General Environment Protection,41030.0,Biodiversity,8412,"Regulation of the activities of providing health care, education, cultural services and other social services, excluding social security",O,Public administration and defence; compulsory social security,41300.0,,,41301.0,Food and Agricultural Organisation,Food and Agricultural Organisation,D02,Other technical co-operation,110.0,Standard grant,,,,,1,1,329.31802,347.08080334618,329.31802,347.08080334618,0.0,0.0,0.0,0.0,0.0,,,,,TOSSD,1.0,329.31802
2022,909,Inter-American Development Bank Group,Inter-American Development Bank Group,CH-T1247&ATN/OC-18428-CH,2022002067,434,Chile,South America,Support to Chiles efforts to promote innovation in the biodiversity agenda,The objective of this operation is to develop relevant instruments and to provide institutional strengthening advisory to support the conservation goals established by Chile in its Nationally Determined Contribution (NDC) and other initiatives led by the Ministry of the Environment and the Under secretariat for Tourism.,https://www.iadb.org/en/project/CH-T1247,,,#ADAPTATION,410,General Environment Protection,41030.0,Biodiversity,8412,"Regulation of the activities of providing health care, education, cultural services and other social services, excluding social security",O,Public administration and defence; compulsory social security,46000.0,,,46012.0,"Inter-American Development Bank, Inter-American Investment Corporation and Multilateral Investment Fund",INTER-AMERICAN DEVELOPMENT BANK,C01,Projects,110.0,Standard grant,,,,,1,1,0.0,0.0,114.975,121.17653131987,0.0,0.0,0.0,0.0,0.0,,25.0,,,TOSSD,1.0,114.975
2022,1406,United Nations Industrial Development Organization,Extrabudgetary non-core resources – global and TOSSD only,200325,2022000978,434,Chile,South America,HCFC phase-out management plan (stage III),,,9;7;3;2;13;12;11;1,,,410,General Environment Protection,41020.0,Biosphere protection,8412,"Regulation of the activities of providing health care, education, cultural services and other social services, excluding social security",O,Public administration and defence; compulsory social security,41100.0,,,41123.0,United Nations Industrial Development Organisation,UNIDO,C01,Projects,110.0,Standard grant,,,,,1,1,16.13192,17.002044871751,57.13426,60.215972570798,0.0,0.0,0.0,0.0,0.0,,,,,TOSSD,1.0,57.13426
2022,1406,United Nations Industrial Development Organization,Extrabudgetary non-core resources – global and TOSSD only,150220,2022000919,434,Chile,South America,HCFC phase-out management plan (stage III),,,9;7;3;2;13;12;11;1,,,410,General Environment Protection,41020.0,Biosphere protection,8412,"Regulation of the activities of providing health care, education, cultural services and other social services, excluding social security",O,Public administration and defence; compulsory social security,41100.0,,,41123.0,United Nations Industrial Development Organisation,UNIDO,C01,Projects,110.0,Standard grant,,,,,1,1,269.87474,284.43126665841,74.37072,78.382134214926,0.0,0.0,0.0,0.0,0.0,,,,,TOSSD,1.0,74.37072
2023,918,EU Institutions,European Commission,JAG.420295,2023021321,434,Chile,South America,825741 - EULAT ERADICATE GBC - H2020-SC1-2018-SINGLE-STAGE-RTD,825741 - EULAT ERADICATE GBC - ESTABLISHMENT AND EXPLOITATION OF A EUROPEAN-LATIN AMERICAN RESEARCH CONSORTIUM TOWARDS ERADICATION OF PREVENTABLE GALLBLADDER CANCER,https://www.klinikum.uni-heidelberg.de/eulat-eradicate-gbc,9.5;8.5;6;2;15;14;13;12;11,,R&D,120,Health,12382.0,Research for prevention and control of NCDs,86,Human health activities,Q,Human health and social work activities,11000.0,,,11004.0,Other public entities in donor country,Other public entities in donor country,K02,RESEARCH AND DEVELOPMENT (R&D),110.0,Standard grant,,,,,1,1,0.0,0.0,133.31531141869,133.31531141869,0.0,0.0,0.0,0.0,0.0,,,,,TOSSD,0.4,53.326124567476
2023,431,Brazil,Ministry of Justice and Public Security,08106.001517/2023-44,2023000696,434,Chile,South America,COMBATTING FOREST FIRES - CHILE,"Brazilian humanitarian assistance mission in Chile, due to the forest fires in that country, which took place from February 9 to March 5, 2023, including transit, under the terms of the Decree of February 9, 2023, and Decree of February 27, 2023, with the deployment of 36 (thirty-six) personnel, 11 (eleven) vehicles, and other equipment for forest fire fighting, as outlined in the DFNSP 5 Operation Plan (SEI nº 22904135).",https://www.gov.br/mj/pt-br/assuntos/noticias/bombeiros-da-forca-nacional-que-combateram-incendios-florestais-no-chile-retornam-para-o-brasil,15.a,,#DEVELOPMENT|#HUMANITARIAN,160,Other social infrastructure and services,16010.0,Social Protection,8430,Compulsory social security activities,O,Public administration and defence; compulsory social security,11000.0,,,11001.0,Central Government,National Secretariat of Public Security (SENASP),D013,"(for SSC providers only) In-kind technical cooperation. Services, materials, equipment and supplies.",2100.0,Direct provider spending,,,FC01,SOUTH-SOUTH CO-OPERATION,1,1,0.0,0.0,112.44482220086,112.44482220086,0.0,0.0,0.0,0.0,0.0,,,,,TOSSD,0.4,44.977928880344
2023,918,EU Institutions,European Commission,JAG.503878,2023023799,434,Chile,South America,875041 - SOLUTIONSPLUS - H2020-LC-GV-2019,"875041 - SOLUTIONSPLUS - INTEGRATED URBAN ELECTRIC MOBILITY SOLUTIONS IN THE CONTEXT OF THE PARIS AGREEMENT, THE SUSTAINABLE DEVELOPMENT GOALS AND THE NEW URBAN AGENDA",http://www.solutionsplus.eu,9.5;8.5;6;2;15;14;13;12;11,,CLIMATE|R&D,220,Communications,22020.0,Telecommunications,61,Telecommunications,J,Information and communication,61000.0,,,61000.0,Private sector in provider country,Private sector in provider country,K02,RESEARCH AND DEVELOPMENT (R&D),110.0,Standard grant,,,,,1,1,0.0,0.0,11.559256055363,11.559256055363,0.0,0.0,0.0,0.0,0.0,,,,,TOSSD,0.4,4.6237024221452
2023,918,EU Institutions,European Commission,JAG.454478,2023022380,434,Chile,South America,870301 - AQ-WATCH - H2020-SPACE-2019,870301 - AQ-WATCH - AIR QUALITY: WORLDWIDE ANALYSIS AND FORECASTING OF ATMOSPHERIC COMPOSITION FOR HEALTH,https://www.aq-watch.eu,9;8.5;6;2;17.3;15;14;13;12;11,,CLIMATE|R&D,220,Communications,22020.0,Telecommunications,61,Telecommunications,J,Information and communication,61000.0,,,61000.0,Private sector in provider country,Private sector in third country,K02,RESEARCH AND DEVELOPMENT (R&D),110.0,Standard grant,,,,,1,1,0.0,0.0,21.388408304498,21.388408304498,0.0,0.0,0.0,0.0,0.0,,,,,TOSSD,0.4,8.5553633217992
2023,918,EU Institutions,European Commission,JAG.431303,2023021867,434,Chile,South America,862849 - FERTIMANURE - H2020-RUR-2019-1,862849 - FERTIMANURE - INNOVATIVE NUTRIENT RECOVERY FROM SECONDARY SOURCES ¿ PRODUCTION OF HIGH-ADDED VALUE FERTILISERS FROM ANIMAL MANURE,https://www.fertimanure.eu/en/,9.5;8.5;6;2;15;14;13;12;11,,CLIMATE|R&D,310,"Agriculture, Forestry, Fishing",31182.0,Agricultural research,7210,Research and experimental development on natural sciences and engineering,M,"Professional, scientific and technical activities",62000.0,,,62000.0,Private sector in recipient country,Private sector in recipient country,K02,RESEARCH AND DEVELOPMENT (R&D),110.0,Standard grant,,,,,1,1,0.0,0.0,10.218425605536,10.218425605536,0.0,0.0,0.0,0.0,0.0,,,,,TOSSD,0.4,4.0873702422144005
2023,918,EU Institutions,European Commission,JAG.172233,2023017247,434,Chile,South America,771738 - NEXTFOOD - H2020-RUR-2017-2,771738 - NEXTFOOD - EDUCATING THE NEXT GENERATION OF PROFESSIONALS IN THE AGRIFOOD SYSTEM,https://www.nextfood-project.eu,9.5;8.5;6;2;15;14;13;12;11,,#BIODIVERSITY|R&D,310,"Agriculture, Forestry, Fishing",31182.0,Agricultural research,7210,Research and experimental development on natural sciences and engineering,M,"Professional, scientific and technical activities",51000.0,,,51000.0,"University, college or other teaching institution, research institute or think-tank","University, college or other teaching institution, research institute or think-tank",K02,RESEARCH AND DEVELOPMENT (R&D),110.0,Standard grant,,,,,1,1,0.0,0.0,1.4705882352941,1.4705882352941,0.0,0.0,0.0,0.0,0.0,,,,,TOSSD,0.4,0.58823529411764
2023,932,Food and Agriculture Organisation,Voluntary earmarked contributions - global and TOSSD-only activities,PRJ_654683,2023001995,434,Chile,South America,Chile REDD-plus results-based payments for results period 2014-2016,Chile REDD-plus results-based payments for results period 2014-2016,,15;13,,#ADAPTATION|#MITIGATION,310,"Agriculture, Forestry, Fishing",31220.0,Forestry development,210,Silviculture and other forestry activities,A,"Agriculture, forestry and fishing",12000.0,,,12000.0,Recipient Government,Recipient Government,D02,Other technical co-operation,110.0,Standard grant,,,,,1,1,10645.51031,10645.51031,10645.51031,10645.51031,0.0,0.0,0.0,0.0,0.0,,,,,TOSSD,0.4,4258.204124
2023,811,Global Environment Facility,GEF (general),PRJ_644609,2023001259,434,Chile,South America,Strengthening management and governance for the conservation and sustainable use of globally significant biodiversity in coastal marine ecosystems in Chile (FSP),Strengthening management and governance for the conservation and sustainable use of globally significant biodiversity in coastal marine ecosystems in Chile (FSP),,2;14,GEF is unable to report at target level at this stage but work through the GEF contributes to the achievement of the SDGs and responds to decisions related to SDGs.,,310,"Agriculture, Forestry, Fishing",31310.0,Fishing policy and administrative management,3,Fishing and aquaculture,A,"Agriculture, forestry and fishing",12000.0,,,12000.0,Recipient Government,Recipient Government,D02,Other technical co-operation,110.0,Standard grant,,,,,1,1,0.0,0.0,584.87454,584.87454,0.0,0.0,0.0,0.0,0.0,,,,,TOSSD,0.4,233.94981600000003
2023,932,Food and Agriculture Organisation,Voluntary earmarked contributions - global and TOSSD-only activities,PRJ_691942,2023000824,434,Chile,South America,Asistencia para el fortalecimiento de la capacidad nacional de la República de Chile para prevenir la pesca ilegal,Asistencia para el fortalecimiento de la capacidad nacional de la República de Chile para prevenir la pesca ilegal,,14,,#ADAPTATION|#MITIGATION,310,"Agriculture, Forestry, Fishing",31310.0,Fishing policy and administrative management,3,Fishing and aquaculture,A,"Agriculture, forestry and fishing",12000.0,,,12000.0,Recipient Government,Recipient Government,D02,Other technical co-operation,110.0,Standard grant,,,,,1,1,7.0085,7.0085,7.0085,7.0085,0.0,0.0,0.0,0.0,0.0,,,,,TOSSD,0.4,2.8034
2023,454,Peru,Others,1058,2023000025,434,Chile,South America,ELABORAR Y EJECUTAR UN PLAN DE TRABAJO PARA LA REALIZACIÓN DE INTERCAMBIO DE EXPERIENCIAS EN NORMATIVA Y MODELOS DE GESTIÓN PESQUERA A FIN DE PROMOVER EL DESARROLLO DE LA PESCA DE PEQUEÑA ESCALA / ARTESANAL,PROMOVER EL DESARROLLO DE LA PESCA DE PEQUEÑA ESCALA / ARTESANAL,,14.2,,,310,"Agriculture, Forestry, Fishing",31310.0,Fishing policy and administrative management,3,Fishing and aquaculture,A,"Agriculture, forestry and fishing",12000.0,,Ministerio de la Producción - PRODUCE - PERU,12001.0,Central Government,Subsecretaría de Pesca y Acuicultura de Chile,D01,In-kind technical co-operation experts,2100.0,Direct provider spending,,,FC01,SOUTH-SOUTH CO-OPERATION,1,1,0.0,0.0,0.0,0.0,0.0,0.0,0.0,0.0,0.0,,,,,TOSSD,0.4,0.0
2023,454,Peru,Others,1057,2023000024,434,Chile,South America,"ELABORAR Y EJECUTAR UN PLAN DE TRABAJO PARA EL INTERCAMBIO DE EXPERIENCIAS RESPECTO A LA IMPLEMENTACIÓN DE HERRAMIENTAS TECNOLÓGICAS E INSTRUMENTOS DE GESTIÓN QUE PERMITAN LA TRAZABILIDAD DE LOS RECURSOS PESQUEROS Y COMBATIR LA PESCA ILEGAL, NO DECLARADA Y NO REGLAMENTADA (INDNR)","PROMOVER LA TRAZABILIDAD DE LOS RECURSOS PESQUEROS Y COMBATIR LA PESCA ILEGAL, NO DECLARADA Y NO REGLAMENTADA (INDNR)",,14.4,,,310,"Agriculture, Forestry, Fishing",31310.0,Fishing policy and administrative management,3,Fishing and aquaculture,A,"Agriculture, forestry and fishing",12000.0,,Ministerio de la Producción - PRODUCE - PERU,12001.0,Central Government,Servicio Nacional de Pesca y Acuicultura de Chile,D01,In-kind technical co-operation experts,2100.0,Direct provider spending,,,FC01,SOUTH-SOUTH CO-OPERATION,1,1,0.0,0.0,0.0,0.0,0.0,0.0,0.0,0.0,0.0,,,,,TOSSD,0.4,0.0
2023,918,EU Institutions,European Commission,JAG.784943,2023029614,434,Chile,South America,958252 - RAWMINA - H2020-LCCI-2020-EASME-TWOSTAGE,958252 - RAWMINA - INTEGRATED INNOVATIVE PILOT SYSTEM FOR CRITICAL RAW MATERIALS RECOVERY FROM MINES WASTES IN A CIRCULAR ECONOMY CONTEXT,,9.5;8.5;6;2;17.3;15;14;13;12;11,,CLIMATE|R&D,320,"Industry, Mining, Construction",32182.0,Technological research and development,7210,Research and experimental development on natural sciences and engineering,M,"Professional, scientific and technical activities",61000.0,,,61000.0,Private sector in provider country,Private sector in third country,K02,RESEARCH AND DEVELOPMENT (R&D),110.0,Standard grant,,,,,1,1,0.0,0.0,158.62889273356,158.62889273356,0.0,0.0,0.0,0.0,0.0,,,,,TOSSD,0.4,63.45155709342401
2023,918,EU Institutions,European Commission,JAG.425202,2023021524,434,Chile,South America,862942 - BASAJAUN - H2020-RUR-2019-1,862942 - BASAJAUN - BASAJAUN - BUILDING A SUSTAINABLE JOINT BETWEEN RURAL AND URBAN AREAS THROUGH CIRCULAR AND INNOVATIVE WOOD CONSTRUCTION VALUE CHAINS,https://basajaun-horizon.eu/,9.5;8.5;6;2;17.3;15;14;13;12;11,,CLIMATE|R&D,410,General Environment Protection,41082.0,Environmental research,7210,Research and experimental development on natural sciences and engineering,M,"Professional, scientific and technical activities",61000.0,,,61000.0,Private sector in provider country,Private sector in third country,K02,RESEARCH AND DEVELOPMENT (R&D),110.0,Standard grant,,,,,1,1,0.0,0.0,2.3572664359862,2.3572664359862,0.0,0.0,0.0,0.0,0.0,,,,,TOSSD,0.4,0.9429065743944801
2023,909,Inter-American Development Bank Group,Inter-American Development Bank Group,,2023003855,434,Chile,South America,Support to Chiles efforts to promote innovation in the biodiversity agenda,The objective of this operation is to develop relevant instruments and to provide institutional strengthening advisory to support the conservation goals established by Chile in its Nationally Determined Contribution (NDC) and other initiatives led by the Ministry of the Environment and the Under secretariat for Tourism.,https://www.iadb.org/en/project/CH-T1247,,,,410,General Environment Protection,41030.0,Biodiversity,8412,"Regulation of the activities of providing health care, education, cultural services and other social services, excluding social security",O,Public administration and defence; compulsory social security,46000.0,,,46012.0,"Inter-American Development Bank, Inter-American Investment Corporation and Multilateral Investment Fund",INTER-AMERICAN DEVELOPMENT BANK,C01,Projects,110.0,Standard grant,,,,,1,1,0.0,0.0,45.025,45.025,0.0,0.0,0.0,0.0,0.0,,,,,TOSSD,1.0,45.025
2023,932,Food and Agriculture Organisation,Voluntary earmarked contributions - global and TOSSD-only activities,PRJ_669662,2023002805,434,Chile,South America,Updating the Climate Change National Adaptation Plan for Biodiversity,Updating the Climate Change National Adaptation Plan for Biodiversity,,15;13,,#ADAPTATION|#MITIGATION,410,General Environment Protection,41030.0,Biodiversity,8412,"Regulation of the activities of providing health care, education, cultural services and other social services, excluding social security",O,Public administration and defence; compulsory social security,12000.0,,,12000.0,Recipient Government,Recipient Government,D02,Other technical co-operation,110.0,Standard grant,,,,,1,1,39.05152,39.05152,39.05152,39.05152,0.0,0.0,0.0,0.0,0.0,,,,,TOSSD,1.0,39.05152
2023,811,Global Environment Facility,GEF (general),PRJ_623646,2023001456,434,Chile,South America,Mainstreaming conservation and valuation of critically endangered species and ecosystems in development-frontier production landscapes in the regions of Arica y Parinacota and Biobío (FSP),Mainstreaming conservation and valuation of critically endangered species and ecosystems in development-frontier production landscapes in the regions of Arica y Parinacota and Biobío (FSP),,15;12,GEF is unable to report at target level at this stage but work through the GEF contributes to the achievement of the SDGs and responds to decisions related to SDGs.,,410,General Environment Protection,41030.0,Biodiversity,8412,"Regulation of the activities of providing health care, education, cultural services and other social services, excluding social security",O,Public administration and defence; compulsory social security,12000.0,,,12000.0,Recipient Government,Recipient Government,D02,Other technical co-operation,110.0,Standard grant,,,,,1,1,0.0,0.0,7.27924,7.27924,0.0,0.0,0.0,0.0,0.0,,,,,TOSSD,1.0,7.27924
2023,811,Global Environment Facility,GEF (general),PRJ_690563,2023001446,434,Chile,South America,Restauración de la biodiversidad y sus servicios ecosistémicos a escala de paisaje en espacios silvo (PPG),Restauración de la biodiversidad y sus servicios ecosistémicos a escala de paisaje en espacios silvo (PPG),,2;15;12,GEF is unable to report at target level at this stage but work through the GEF contributes to the achievement of the SDGs and responds to decisions related to SDGs.,,410,General Environment Protection,41030.0,Biodiversity,8412,"Regulation of the activities of providing health care, education, cultural services and other social services, excluding social security",O,Public administration and defence; compulsory social security,12000.0,,,12000.0,Recipient Government,Recipient Government,D02,Other technical co-operation,110.0,Standard grant,,,,,1,1,0.0,0.0,0.22712,0.22712,0.0,0.0,0.0,0.0,0.0,,,,,TOSSD,1.0,0.22712
2023,811,Global Environment Facility,GEF (general),PRJ_683061,2023001408,434,Chile,South America,Restoration of Biodiversity and Ecosystem Services at the Landscape Scale on Productive Agroforestry Areas and their Natural Environment (FSP),Restoration of Biodiversity and Ecosystem Services at the Landscape Scale on Productive Agroforestry Areas and their Natural Environment (FSP),,2;15;12,GEF is unable to report at target level at this stage but work through the GEF contributes to the achievement of the SDGs and responds to decisions related to SDGs.,,410,General Environment Protection,41030.0,Biodiversity,8412,"Regulation of the activities of providing health care, education, cultural services and other social services, excluding social security",O,Public administration and defence; compulsory social security,12000.0,,,12000.0,Recipient Government,Recipient Government,D02,Other technical co-operation,110.0,Standard grant,,,,,1,1,0.0,0.0,298.49473,298.49473,0.0,0.0,0.0,0.0,0.0,,,,,TOSSD,1.0,298.49473
2023,811,Global Environment Facility,GEF (general),PRJ_639984,2023001231,434,Chile,South America,Strengthening and development of instruments for the management prevention and control of beaver (Castor canadensis) an invasive alien species in the Chilean Patagonia,Strengthening and development of instruments for the management prevention and control of beaver (Castor canadensis) an invasive alien species in the Chilean Patagonia,,15;12,GEF is unable to report at target level at this stage but work through the GEF contributes to the achievement of the SDGs and responds to decisions related to SDGs.,,410,General Environment Protection,41030.0,Biodiversity,8412,"Regulation of the activities of providing health care, education, cultural services and other social services, excluding social security",O,Public administration and defence; compulsory social security,12000.0,,,12000.0,Recipient Government,Recipient Government,D02,Other technical co-operation,110.0,Standard grant,,,,,1,1,0.0,0.0,4.13127,4.13127,0.0,0.0,0.0,0.0,0.0,,,,,TOSSD,1.0,4.13127
2023,807,UNEP,Convention on Biological Diversity (CBD) - Voluntary Contributions Non-core - developmental,UNEP-SCBD-Voluntary Non-core,2023001057,434,Chile,South America,SCBD POW Voluntary Contributions,General Trust Fund for Additional Voluntary Contributions in Support of Approved Activities under the Convention on Biological Diversity.,,9;8;7;6;5;4;3;2;10;1,,,410,General Environment Protection,41030.0,Biodiversity,8412,"Regulation of the activities of providing health care, education, cultural services and other social services, excluding social security",O,Public administration and defence; compulsory social security,41100.0,,,41116.0,United Nations Environment Programme,United Nations Environment Programme (UNEP),D02,Other technical co-operation,2100.0,Direct provider spending,,,,,1,1,5.54,5.54,5.54,5.54,0.0,0.0,0.0,0.0,0.0,,,,,TOSSD,1.0,5.54
2023,807,UNEP,Other Support to UNEP POW,UNEP - VC-POW,2023000496,434,Chile,South America,UNEP POW Voluntary Contributions,Trust Fund to Support the Activities of the Climate and Clean Air Coalition to Reduce Short Lived Climate Pollutants.,,9;8;7;6;5;4;3;2;10;1,,,410,General Environment Protection,41030.0,Biodiversity,8412,"Regulation of the activities of providing health care, education, cultural services and other social services, excluding social security",O,Public administration and defence; compulsory social security,41100.0,,,41116.0,United Nations Environment Programme,United Nations Environment Programme (UNEP),D02,Other technical co-operation,2100.0,Direct provider spending,,,,,1,1,1.93718497,1.93718497,1.93718497,1.93718497,0.0,0.0,0.0,0.0,0.0,,,,,TOSSD,1.0,1.93718497
2023,807,UNEP,Other Support to UNEP POW,UNEP - VC-POW,2023000496,434,Chile,South America,UNEP POW Voluntary Contributions,Trust Fund to Support the Activities of the Climate and Clean Air Coalition to Reduce Short Lived Climate Pollutants.,,9;8;7;6;5;4;3;2;10;1,,,410,General Environment Protection,41020.0,Biosphere protection,8412,"Regulation of the activities of providing health care, education, cultural services and other social services, excluding social security",O,Public administration and defence; compulsory social security,41100.0,,,41116.0,United Nations Environment Programme,United Nations Environment Programme (UNEP),D02,Other technical co-operation,2100.0,Direct provider spending,,,,,1,1,1.92558506,1.92558506,1.92558506,1.92558506,0.0,0.0,0.0,0.0,0.0,,,,,TOSSD,1.0,1.92558506
2023,807,UNEP,Other Support to UNEP POW,UNEP - VC-POW,2023000495,434,Chile,South America,UNEP POW Voluntary Contributions,Trust Fund to Support the Activities of the Climate Technology Centre And Network.,,9;8;7;6;5;4;3;2;10;1,,,410,General Environment Protection,41020.0,Biosphere protection,8412,"Regulation of the activities of providing health care, education, cultural services and other social services, excluding social security",O,Public administration and defence; compulsory social security,41100.0,,,41116.0,United Nations Environment Programme,United Nations Environment Programme (UNEP),D02,Other technical co-operation,2100.0,Direct provider spending,,,,,1,1,39.87777994,39.87777994,39.87777994,39.87777994,0.0,0.0,0.0,0.0,0.0,,,,,TOSSD,1.0,39.87777994
2023,807,UNEP,Other Support to UNEP POW,UNEP - VC-POW,2023000495,434,Chile,South America,UNEP POW Voluntary Contributions,Trust Fund to Support the Activities of the Climate Technology Centre And Network.,,9;8;7;6;5;4;3;2;10;1,,,410,General Environment Protection,41030.0,Biodiversity,8412,"Regulation of the activities of providing health care, education, cultural services and other social services, excluding social security",O,Public administration and defence; compulsory social security,41100.0,,,41116.0,United Nations Environment Programme,United Nations Environment Programme (UNEP),D02,Other technical co-operation,2100.0,Direct provider spending,,,,,1,1,40.11800753,40.11800753,40.11800753,40.11800753,0.0,0.0,0.0,0.0,0.0,,,,,TOSSD,1.0,40.11800753
2023,807,UNEP,Other Support to UNEP POW,UNEP - VC-POW,2023000494,434,Chile,South America,UNEP POW Voluntary Contributions,Technical Cooperation Trust Fund to Support Achievement of Contribution Agreement N° 21.0401/2011/608174/SUB/E2 – Strategic Cooperation Agreement between the European Commission – Directorate General of the Environment and – and the United Nations Environment Programme (covering ENRTP Priority 3.1 – Strengthening Environment Governance),,9;8;7;6;5;4;3;2;10;1,,,410,General Environment Protection,41020.0,Biosphere protection,8412,"Regulation of the activities of providing health care, education, cultural services and other social services, excluding social security",O,Public administration and defence; compulsory social security,41100.0,,,41116.0,United Nations Environment Programme,United Nations Environment Programme (UNEP),D02,Other technical co-operation,2100.0,Direct provider spending,,,,,1,1,0.37117932,0.37117932,0.37117932,0.37117932,0.0,0.0,0.0,0.0,0.0,,,,,TOSSD,1.0,0.37117932
2023,807,UNEP,Other Support to UNEP POW,UNEP - VC-POW,2023000494,434,Chile,South America,UNEP POW Voluntary Contributions,Technical Cooperation Trust Fund to Support Achievement of Contribution Agreement N° 21.0401/2011/608174/SUB/E2 – Strategic Cooperation Agreement between the European Commission – Directorate General of the Environment and – and the United Nations Environment Programme (covering ENRTP Priority 3.1 – Strengthening Environment Governance),,9;8;7;6;5;4;3;2;10;1,,,410,General Environment Protection,41030.0,Biodiversity,8412,"Regulation of the activities of providing health care, education, cultural services and other social services, excluding social security",O,Public administration and defence; compulsory social security,41100.0,,,41116.0,United Nations Environment Programme,United Nations Environment Programme (UNEP),D02,Other technical co-operation,2100.0,Direct provider spending,,,,,1,1,0.37341534,0.37341534,0.37341534,0.37341534,0.0,0.0,0.0,0.0,0.0,,,,,TOSSD,1.0,0.37341534
2023,807,UNEP,Other Support to UNEP POW,UNEP - VC-POW,2023000493,434,Chile,South America,UNEP POW Voluntary Contributions,Technical Cooperation Trust Fund for UNEP's Implementation of the Multilateral Fund Activities.,,9;8;7;6;5;4;3;2;10;1,,,410,General Environment Protection,41020.0,Biosphere protection,8412,"Regulation of the activities of providing health care, education, cultural services and other social services, excluding social security",O,Public administration and defence; compulsory social security,41100.0,,,41116.0,United Nations Environment Programme,United Nations Environment Programme (UNEP),D02,Other technical co-operation,2100.0,Direct provider spending,,,,,1,1,11.36081258,11.36081258,11.36081258,11.36081258,0.0,0.0,0.0,0.0,0.0,,,,,TOSSD,1.0,11.36081258
2023,807,UNEP,Other Support to UNEP POW,UNEP - VC-POW,2023000493,434,Chile,South America,UNEP POW Voluntary Contributions,Technical Cooperation Trust Fund for UNEP's Implementation of the Multilateral Fund Activities.,,9;8;7;6;5;4;3;2;10;1,,,410,General Environment Protection,41030.0,Biodiversity,8412,"Regulation of the activities of providing health care, education, cultural services and other social services, excluding social security",O,Public administration and defence; compulsory social security,41100.0,,,41116.0,United Nations Environment Programme,United Nations Environment Programme (UNEP),D02,Other technical co-operation,2100.0,Direct provider spending,,,,,1,1,11.42925121,11.42925121,11.42925121,11.42925121,0.0,0.0,0.0,0.0,0.0,,,,,TOSSD,1.0,11.42925121
2023,807,UNEP,Other Support to UNEP POW,UNEP - VC-POW,2023000490,434,Chile,South America,UNEP POW Voluntary Contributions,Technical Cooperation Trust Fund for the Implementation of the Framework Agreement between UNEP and the Government of Norway (Financed by the Government of Norway).,,9;8;7;6;5;4;3;2;10;1,,,410,General Environment Protection,41020.0,Biosphere protection,8412,"Regulation of the activities of providing health care, education, cultural services and other social services, excluding social security",O,Public administration and defence; compulsory social security,41100.0,,,41116.0,United Nations Environment Programme,United Nations Environment Programme (UNEP),D02,Other technical co-operation,2100.0,Direct provider spending,,,,,1,1,0.49468,0.49468,0.49468,0.49468,0.0,0.0,0.0,0.0,0.0,,,,,TOSSD,1.0,0.49468
2023,807,UNEP,Other Support to UNEP POW,UNEP - VC-POW,2023000490,434,Chile,South America,UNEP POW Voluntary Contributions,Technical Cooperation Trust Fund for the Implementation of the Framework Agreement between UNEP and the Government of Norway (Financed by the Government of Norway).,,9;8;7;6;5;4;3;2;10;1,,,410,General Environment Protection,41030.0,Biodiversity,8412,"Regulation of the activities of providing health care, education, cultural services and other social services, excluding social security",O,Public administration and defence; compulsory social security,41100.0,,,41116.0,United Nations Environment Programme,United Nations Environment Programme (UNEP),D02,Other technical co-operation,2100.0,Direct provider spending,,,,,1,1,0.49766,0.49766,0.49766,0.49766,0.0,0.0,0.0,0.0,0.0,,,,,TOSSD,1.0,0.49766
2023,807,UNEP,Other Support to UNEP POW,UNEP - VC-POW,2023000489,434,Chile,South America,UNEP POW Voluntary Contributions,Special Trust Fund of the Minamata Convention on Mercury to enable support for capacity-building and technical assistance activities of the Secretariat in accordance with Article 14,,9;8;7;6;5;4;3;2;10;1,,,410,General Environment Protection,41020.0,Biosphere protection,8412,"Regulation of the activities of providing health care, education, cultural services and other social services, excluding social security",O,Public administration and defence; compulsory social security,41100.0,,,41116.0,United Nations Environment Programme,United Nations Environment Programme (UNEP),D02,Other technical co-operation,2100.0,Direct provider spending,,,,,1,1,5.0459269,5.0459269,5.0459269,5.0459269,0.0,0.0,0.0,0.0,0.0,,,,,TOSSD,1.0,5.0459269
2023,807,UNEP,Other Support to UNEP POW,UNEP - VC-POW,2023000489,434,Chile,South America,UNEP POW Voluntary Contributions,Special Trust Fund of the Minamata Convention on Mercury to enable support for capacity-building and technical assistance activities of the Secretariat in accordance with Article 14,,9;8;7;6;5;4;3;2;10;1,,,410,General Environment Protection,41030.0,Biodiversity,8412,"Regulation of the activities of providing health care, education, cultural services and other social services, excluding social security",O,Public administration and defence; compulsory social security,41100.0,,,41116.0,United Nations Environment Programme,United Nations Environment Programme (UNEP),D02,Other technical co-operation,2100.0,Direct provider spending,,,,,1,1,5.07632405,5.07632405,5.07632405,5.07632405,0.0,0.0,0.0,0.0,0.0,,,,,TOSSD,1.0,5.07632405
2023,1015,Development Bank of Latin America,Development Bank of Latin America,,2023000097,434,Chile,South America,Condiciones habilitantes para la implementación del Servicio de Biodiversidad y Áreas Protegidas: Elaboración de reglamentos y otros instrumentos normativos.,Condiciones habilitantes para la implementación del Servicio de Biodiversidad y Áreas Protegidas: Elaboración de reglamentos y otros instrumentos normativos.,,15,,,410,General Environment Protection,41030.0,Biodiversity,8412,"Regulation of the activities of providing health care, education, cultural services and other social services, excluding social security",O,Public administration and defence; compulsory social security,10000.0,,,10000.0,Public Sector Institutions,PUBLIC SECTOR INSTITUTIONS,D02,Other technical co-operation,110.0,Standard grant,,,FC01,SOUTH-SOUTH CO-OPERATION,1,1,100.0,100.0,0.0,0.0,0.0,0.0,0.0,0.0,0.0,,,,,TOSSD,1.0,0.0
2023,811,Global Environment Facility,GEF Trust Fund,11286,2023000022,434,Chile,South America,Umbrella Programme to Support NBSAP Update and the 7th National Reports,Umbrella Programme to Support NBSAP Update and the 7th National Reports,,17;16;15;14,GEF is unable to report at target level at this stage but work through the GEF contributes to the achievement of the SDGs and responds to decisions related to SDGs.,#BIODIVERSITY,410,General Environment Protection,41010.0,Environmental policy and administrative management,8412,"Regulation of the activities of providing health care, education, cultural services and other social services, excluding social security",O,Public administration and defence; compulsory social security,41100.0,,,41114.0,United Nations Development Programme,UNDP,C01,Projects,110.0,Standard grant,,,,,1,1,490.5,490.5,0.0,0.0,0.0,0.0,0.0,0.0,0.0,,,,,TOSSD,0.4,0.0
2023,454,Peru,Others,732,2023000006,434,Chile,South America,"Plan de Trabajo para fortalecer las capacidades en restauración de bosques y paisajes forestales entre los actores nacionales, regionales y locales (DECLARACIÓN PRESIDENCIAL Y PLAN DE ACCIÓN DE SANTIAGO)",Elaborar e implementar un Plan de Trabajo para el intercambio de experiencias y tecnologías para el control transfronterizo de especies de flora y fauna silvestre incluidos en los apéndices CITES,,15.7;15.5,,,410,General Environment Protection,41030.0,Biodiversity,8412,"Regulation of the activities of providing health care, education, cultural services and other social services, excluding social security",O,Public administration and defence; compulsory social security,12000.0,,Servicio Nacional Forestal y de Fauna Silvestre (SERFOR) - PERU,12001.0,Central Government,El Ministerio del Medio Ambiente de Chile,D01,In-kind technical co-operation experts,2100.0,Direct provider spending,,,FC01,SOUTH-SOUTH CO-OPERATION,1,1,0.0,0.0,0.0,0.0,0.0,0.0,0.0,0.0,0.0,,,,,TOSSD,1.0,0.0
2023,918,EU Institutions,European Commission,JAG.85449,2023031507,434,Chile,South America,734374 - LACEGAL - H2020-MSCA-RISE-2016,734374 - LACEGAL - LATIN AMERICAN CHINESE EUROPEAN GALAXY FORMATION NETWORK,,9.5;8.5;6;2;15;14;13;12;11,,CLIMATE|R&D,430,Other Multisector,43082.0,Research/scientific institutions,72,Scientific research and development,M,"Professional, scientific and technical activities",51000.0,,,51000.0,"University, college or other teaching institution, research institute or think-tank","University, college or other teaching institution, research institute or think-tank",K02,RESEARCH AND DEVELOPMENT (R&D),110.0,Standard grant,,,,,1,1,0.0,0.0,31.931228373702,31.931228373702,0.0,0.0,0.0,0.0,0.0,,,,,TOSSD,0.4,12.772491349480802
2023,918,EU Institutions,European Commission,JAG.83599,2023030658,434,Chile,South America,734922 - CONNECT - H2020-MSCA-RISE-2016,734922 - CONNECT - COMBINATORICS OF NETWORKS AND COMPUTATION,,9.5;8.5;6;2;15;14;13;12;11,,CLIMATE|R&D,430,Other Multisector,43082.0,Research/scientific institutions,72,Scientific research and development,M,"Professional, scientific and technical activities",51000.0,,,51000.0,"University, college or other teaching institution, research institute or think-tank","University, college or other teaching institution, research institute or think-tank",K02,RESEARCH AND DEVELOPMENT (R&D),110.0,Standard grant,,,,,1,1,0.0,0.0,0.22707612456747,0.22707612456747,0.0,0.0,0.0,0.0,0.0,,,,,TOSSD,0.4,0.09083044982698801
2023,918,EU Institutions,European Commission,JAG.765363,2023028195,434,Chile,South America,101008724 - MINKE - H2020-INFRAIA-2020-1,101008724 - MINKE - METROLOGY FOR INTEGRATED MARINE MANAGEMENT AND KNOWLEDGE-TRANSFER NETWORK,,9.5;8.5;6;2;15;14;13;12;11,,CLIMATE|R&D,430,Other Multisector,43082.0,Research/scientific institutions,72,Scientific research and development,M,"Professional, scientific and technical activities",11000.0,,,11004.0,Other public entities in donor country,Other public entities in donor country,K02,RESEARCH AND DEVELOPMENT (R&D),110.0,Standard grant,,,,,1,1,0.0,0.0,48.951124567474,48.951124567474,0.0,0.0,0.0,0.0,0.0,,,,,TOSSD,0.4,19.5804498269896
2023,918,EU Institutions,European Commission,JAG.741602,2023027429,434,Chile,South America,965226 - EQUITYCANCER-LA - H2020-SC1-2020-SINGLE-STAGE-RTD,965226 - EQUITYCANCER-LA - IMPROVING EQUITY IN ACCESS TO EARLY DIAGNOSIS OF CANCER: IMPLEMENTATION RESEARCH IN DIFFERENT HEALTHCARE SYSTEMS OF LATIN AMERICA (EQUITYCANCER-LA),,9.5;8.5;6;2;15;14;13;12;11,,CLIMATE|R&D,430,Other Multisector,43082.0,Research/scientific institutions,72,Scientific research and development,M,"Professional, scientific and technical activities",11000.0,,,11004.0,Other public entities in donor country,Other public entities in donor country,K02,RESEARCH AND DEVELOPMENT (R&D),110.0,Standard grant,,,,,1,1,0.0,0.0,120.13408304498,120.13408304498,0.0,0.0,0.0,0.0,0.0,,,,,TOSSD,0.4,48.053633217992
2023,918,EU Institutions,European Commission,JAG.478038,2023023169,434,Chile,South America,871140 - EU-LAC RESINFRA - H2020-INFRASUPP-2019-1,871140 - EU-LAC RESINFRA - TOWARDS A NEW EU-LAC PARTNERSHIP IN RESEARCH INFRASTRUCTURES,,9.5;8.5;6;2;15;14;13;12;11,,CLIMATE|R&D,430,Other Multisector,43082.0,Research/scientific institutions,72,Scientific research and development,M,"Professional, scientific and technical activities",13000.0,,,13000.0,Third Country Government (Delegated co-operation),Third Country Government (Delegated co-operation),K02,RESEARCH AND DEVELOPMENT (R&D),110.0,Standard grant,,,,,1,1,0.0,0.0,9.07223183391,9.07223183391,0.0,0.0,0.0,0.0,0.0,,,,,TOSSD,0.4,3.6288927335639998
2023,918,EU Institutions,European Commission,JAG.477662,2023023158,434,Chile,South America,873028 - HYDROTRONICS - H2020-MSCA-RISE-2019,873028 - HYDROTRONICS - HYDRODYNAMIC ELECTRONICS,,9.5;8.5;6;2;15;14;13;12;11,,CLIMATE|R&D,430,Other Multisector,43082.0,Research/scientific institutions,72,Scientific research and development,M,"Professional, scientific and technical activities",51000.0,,,51000.0,"University, college or other teaching institution, research institute or think-tank","University, college or other teaching institution, research institute or think-tank",K02,RESEARCH AND DEVELOPMENT (R&D),110.0,Standard grant,,,,,1,1,0.0,0.0,20.188148788927,20.188148788927,0.0,0.0,0.0,0.0,0.0,,,,,TOSSD,0.4,8.0752595155708
2023,918,EU Institutions,European Commission,JAG.467657,2023022824,434,Chile,South America,872690 - COASTCARB - H2020-MSCA-RISE-2019,872690 - COASTCARB - COASTAL ECOSYSTEM CARBON BALANCE IN TIMES OF RAPID GLACIER MELT,,9.5;5.5;17.3;14,,CLIMATE|R&D,430,Other Multisector,43082.0,Research/scientific institutions,72,Scientific research and development,M,"Professional, scientific and technical activities",51000.0,,,51000.0,"University, college or other teaching institution, research institute or think-tank","University, college or other teaching institution, research institute or think-tank",K02,RESEARCH AND DEVELOPMENT (R&D),110.0,Standard grant,,,,,1,1,0.0,0.0,8.3477508650519,8.3477508650519,0.0,0.0,0.0,0.0,0.0,,,,,TOSSD,0.4,3.3391003460207602
2023,918,EU Institutions,European Commission,JAG.220891,2023018226,434,Chile,South America,823948 - REMIND - H2020-MSCA-RISE-2018,823948 - REMIND - RENEWABLE ENERGIES FOR WATER TREATMENT AND REUSE IN MINING INDUSTRIES,,9.5;8.5;6;2;15;14;13;12;11,,CLIMATE|R&D,430,Other Multisector,43082.0,Research/scientific institutions,72,Scientific research and development,M,"Professional, scientific and technical activities",51000.0,,,51000.0,"University, college or other teaching institution, research institute or think-tank","University, college or other teaching institution, research institute or think-tank",K02,RESEARCH AND DEVELOPMENT (R&D),110.0,Standard grant,,,,,1,1,0.0,0.0,276.75173010381,276.75173010381,0.0,0.0,0.0,0.0,0.0,,,,,TOSSD,0.4,110.70069204152401
2023,918,EU Institutions,European Commission,JAG.220679,2023018224,434,Chile,South America,822214 - NEEDS - H2020-MSCA-RISE-2018,822214 - NEEDS - RESEARCH AND INNOVATION STAFF EXCHANGE NETWORK OF EUROPEAN DATA SCIENTISTS,,9.5;8.5;6;2;15;14;13;12;11,,CLIMATE|R&D,430,Other Multisector,43082.0,Research/scientific institutions,72,Scientific research and development,M,"Professional, scientific and technical activities",11000.0,,,11004.0,Other public entities in donor country,Other public entities in donor country,K02,RESEARCH AND DEVELOPMENT (R&D),110.0,Standard grant,,,,,1,1,0.0,0.0,38.354238754325,38.354238754325,0.0,0.0,0.0,0.0,0.0,,,,,TOSSD,0.4,15.341695501730001
2023,918,EU Institutions,European Commission,SI2.901004,2023035559,434,Chile,South America,ECHO/RESP/EXT/SUB/2023/901004/CLFR1- TRANSPORT GRANT 2023 - WILDFIRES IN CHILE,TRANSPORT GRANT - 2023 - WILDFIRES IN CHILE,,6.6;17.3;15.b;13.1;11.b;1.5,,#ADAPTATION|#BIODIVERSITY,700,Humanitarian Aid,72010.0,Material relief assistance and services,8423,Public order and safety activities,O,Public administration and defence; compulsory social security,13000.0,,,13000.0,Third Country Government (Delegated co-operation),Third Country Government (Delegated co-operation),C01,Projects,110.0,Standard grant,,,,,1,1,839.2625432526,839.2625432526,0.0,0.0,0.0,0.0,0.0,0.0,0.0,,,,,TOSSD,0.4,0.0
2023,918,EU Institutions,European Commission,SI2.900658,2023035534,434,Chile,South America,ECHO/RESP/EXT/SUB/2023/900658/CLPT1- TRANSPORT GRANT 2023 - WILDFIRES IN CHILE,TRANSPORT GRANT 2023 - WILDFIRES IN CHILE,,6.6;17.3;15.b;13.1;11.b;1.5,,#ADAPTATION|#BIODIVERSITY,700,Humanitarian Aid,72010.0,Material relief assistance and services,8423,Public order and safety activities,O,Public administration and defence; compulsory social security,11000.0,,,11004.0,Other public entities in donor country,Other public entities in donor country,C01,Projects,110.0,Standard grant,,,,,1,1,752.51946366782,752.51946366782,752.51946366782,752.51946366782,0.0,0.0,0.0,0.0,0.0,,,,,TOSSD,0.4,301.00778546712803
